{"cameraMode":{"drawMode":0,"name":"Shaded","section":"Shading Mode"},"sceneLighting":true,"audioPlay":false,"sceneViewState":{"m_AlwaysRefresh":false,"showFog":true,"showSkybox":true,"showFlares":true,"showImageEffects":true,"showParticleSystems":true,"showVisualEffectGraphs":true,"m_FxEnabled":true},"in2DMode":false,"pivot":{"x":1.84720778465271,"y":4.427840232849121,"z":-7.7720489501953129},"rotation":{"x":0.4165070056915283,"y":0.0016345479525625706,"z":-0.0007491048309020698,"w":0.9091318249702454},"size":9.32846450805664,"orthographic":true}