{"cameraMode":{"drawMode":0,"name":"Shaded","section":"Shading Mode"},"sceneLighting":true,"audioPlay":false,"sceneViewState":{"m_AlwaysRefresh":false,"showFog":true,"showSkybox":true,"showFlares":true,"showImageEffects":true,"showParticleSystems":true,"showVisualEffectGraphs":true,"m_FxEnabled":true},"in2DMode":false,"pivot":{"x":-16.555395126342775,"y":13.636651992797852,"z":10.766855239868164},"rotation":{"x":0.16420497000217439,"y":0.683480441570282,"z":-0.16205264627933503,"w":0.6925604343414307},"size":3.0544066429138185,"orthographic":false}