{"cameraMode":{"drawMode":0,"name":"Shaded","section":"Shading Mode"},"sceneLighting":true,"audioPlay":false,"sceneViewState":{"m_AlwaysRefresh":false,"showFog":true,"showSkybox":true,"showFlares":true,"showImageEffects":true,"showParticleSystems":true,"showVisualEffectGraphs":true,"m_FxEnabled":true},"in2DMode":false,"pivot":{"x":0.7828797698020935,"y":14.006657600402832,"z":12.669173240661621},"rotation":{"x":-0.08563778549432755,"y":0.03705465793609619,"z":0.0031873872503638269,"w":0.9956347346305847},"size":5.388814926147461,"orthographic":false}